node,type,area,image,wikipedia
Adeline Hazan,people,,true,https://fr.wikipedia.org/wiki/Adeline_Hazan
Adrien Abecassis,people,,false,https://fr.wikipedia.org/wiki/Adrien_Abecassis
Agnès Buzyn,people,,true,https://fr.wikipedia.org/wiki/Agn%C3%A8s_Buzyn
Agnès Jaoui,people,,true,https://fr.wikipedia.org/wiki/Agn%C3%A8s_Jaoui
Alain Afflelou,people,,true,https://fr.wikipedia.org/wiki/Alain_Afflelou
Alain Bauer,people,,true,https://fr.wikipedia.org/wiki/Alain_Bauer
Alain Bensoussan,people,,false,
Alain Chabat,people,,true,https://fr.wikipedia.org/wiki/Alain_Chabat
Alain Finkielkraut,people,,true,https://fr.wikipedia.org/wiki/Alain_Finkielkraut
Alain Fischer,people,,true,https://fr.wikipedia.org/wiki/Alain_Fischer
Alain Gresh,people,,true,https://fr.wikipedia.org/wiki/Alain_Gresh
Alain Jakubowicz,people,,true,https://fr.wikipedia.org/wiki/Alain_Jakubowicz
Alain Krivine,people,,true,https://fr.wikipedia.org/wiki/Alain_Krivine
Alain Lipietz,people,,true,https://fr.wikipedia.org/wiki/Alain_Lipietz
Alain Minc,people,,true,https://fr.wikipedia.org/wiki/Alain_Minc
Alain Némarq,people,,true,
Alain Weill,people,,true,https://fr.wikipedia.org/wiki/Alain_Weill
Alain Wertheimer,people,,true,https://fr.wikipedia.org/wiki/Alain_Wertheimer
Albert Bourla,people,,false,https://fr.wikipedia.org/wiki/Albert_Bourla
Alexandra Minkowski,people,,false,https://fr.wikipedia.org/wiki/Alexandra_Minkowski
Alexandre Adam,people,,false,https://fr.wikipedia.org/wiki/Alexandre_Adam
Alexandre Adler,people,,true,https://fr.wikipedia.org/wiki/Alexandre_Adler
Alexandre Arcady,people,,true,https://fr.wikipedia.org/wiki/Alexandre_Arcady
Alexandre Elicha,people,,true,https://fr.wikipedia.org/wiki/Alexandre_Elicha
Alexis Kohler,people,,true,https://fr.wikipedia.org/wiki/Alexis_Kohler
Alexis Zajdenweber,people,,false,https://fr.wikipedia.org/wiki/Alexis_Zajdenweber
Alice Zagury,people,,true,https://fr.wikipedia.org/wiki/Alice_Zagury
André Azoulay,people,,true,https://fr.wikipedia.org/wiki/Andr%C3%A9_Azoulay
André Bercoff,people,,true,https://fr.wikipedia.org/wiki/Andr%C3%A9_Bercoff
Andy Jassy,people,,,https://fr.wikipedia.org/wiki/Andy_Jassy
Anna Cabana,people,,false,https://fr.wikipedia.org/wiki/Anna_Cabana
Anne Rosencher,people,,true,https://fr.wikipedia.org/wiki/Anne_Rosencher
Anne Roumanoff,people,,true,https://fr.wikipedia.org/wiki/Anne_Roumanoff
Anne Rubinstein,people,,true,https://fr.wikipedia.org/wiki/Anne_Rubinstein
Anne Sinclair,people,,true,https://fr.wikipedia.org/wiki/Anne_Sinclair
Annette Wieviorka,people,,true,https://fr.wikipedia.org/wiki/Annette_Wieviorka
Anouk Aimée,people,,true,https://fr.wikipedia.org/wiki/Anouk_Aim%C3%A9e
Anthony Bem,people,,false,
Antoine Spire,people,,true,https://fr.wikipedia.org/wiki/Antoine_Spire
Arié Alimi,people,,true,https://fr.wikipedia.org/wiki/Ari%C3%A9_Alimi
Arié Bensemhoun,people,,true,
Ariel Goldmann,people,,true,https://fr.wikipedia.org/wiki/Ariel_Goldmann
Ariel Weil,people,,true,https://fr.wikipedia.org/wiki/Ariel_Weil
Ariel Wizman,people,,true,https://fr.wikipedia.org/wiki/Ariel_Wizman
Armand Abécassis,people,,true,https://fr.wikipedia.org/wiki/Armand_Ab%C3%A9cassis
Arnaud Spire,people,,true,https://fr.wikipedia.org/wiki/Arnaud_Spire
Arthur,people,,true,https://fr.wikipedia.org/wiki/Arthur
Arthur Sadoun,people,,true,https://fr.wikipedia.org/wiki/Arthur_Sadoun
Ary Abittan,people,,true,https://fr.wikipedia.org/wiki/Ary_Abittan
Aude Weill-Raynal,people,,false,https://fr.wikipedia.org/wiki/Aude_Weill-Raynal
Audrey Azoulay,people,,true,https://fr.wikipedia.org/wiki/Audrey_Azoulay
Aure Atika,people,,false,https://fr.wikipedia.org/wiki/Aure_Atika
Avner Peres,people,,false,
Axel Kahn,people,,true,https://fr.wikipedia.org/wiki/Axel_Kahn
Barry Diller,people,,false,https://fr.wikipedia.org/wiki/Barry_Diller
Béatrice Schönberg,people,,true,https://fr.wikipedia.org/wiki/B%C3%A9atrice_Sch%C3%B6nberg
Ben Cohen,people,,false,https://fr.wikipedia.org/wiki/Ben_Cohen
Benjamin Amar,people,,true,https://fr.wikipedia.org/wiki/Benjamin_Amar
Benjamin Lancar,people,,true,https://fr.wikipedia.org/wiki/Benjamin_Lancar
Bérangère Abba,people,,false,https://fr.wikipedia.org/wiki/B%C3%A9rang%C3%A8re_Abba
Bernard Guetta,people,,true,https://fr.wikipedia.org/wiki/Bernard_Guetta
Bernard Sabbah,people,,true,https://fr.wikipedia.org/wiki/Bernard_Sabbah
Bernard Stirn,people,,true,https://fr.wikipedia.org/wiki/Bernard_Stirn
Bernard Werber,people,,false,
Bernard-Henri Lévy,people,,true,https://fr.wikipedia.org/wiki/Bernard-Henri_L%C3%A9vy
Bertrand Lebeau Leibovici,people,,true,https://fr.wikipedia.org/wiki/Bertrand_Lebeau_Leibovici
Bettina Rheims,people,,true,https://fr.wikipedia.org/wiki/Bettina_Rheims
Bruno Karsenti,people,,true,https://fr.wikipedia.org/wiki/Bruno_Karsenti
Bruno Studer,people,,false,https://fr.wikipedia.org/wiki/Bruno_Studer
Catherine Ringer,people,,true,https://fr.wikipedia.org/wiki/Catherine_Ringer
Cécile Cukierman,people,,true,https://fr.wikipedia.org/wiki/C%C3%A9cile_Cukierman
Cédric Klapisch,people,,true,https://fr.wikipedia.org/wiki/C%C3%A9dric_Klapisch
Céline Bekerman,people,,false,
Charlotte Gainsbourg,people,,true,https://fr.wikipedia.org/wiki/Charlotte_Gainsbourg
Chella Safra,people,,false,https://fr.wikipedia.org/wiki/Chella_Safra
Christiane Houzé,people,,false,
Christine Angot,people,,true,https://fr.wikipedia.org/wiki/Christine_Angot
Christophe Arend,people,,false,https://fr.wikipedia.org/wiki/Christophe_Arend
Christophe Bejach,people,,false,https://fr.wikipedia.org/wiki/Christophe_Bejach
Christophe Dechavanne,people,,true,https://fr.wikipedia.org/wiki/Christophe_Dechavanne
Christophe Lambert,people,,false,https://fr.wikipedia.org/wiki/Christophe_Lambert
Claude Askolovitch,people,,true,https://fr.wikipedia.org/wiki/Claude_Askolovitch
Claude Berda,people,,true,https://fr.wikipedia.org/wiki/Claude_Berda
Claude Berri,people,,true,https://fr.wikipedia.org/wiki/Claude_Berri
Claude Lelouch,people,,true,https://fr.wikipedia.org/wiki/Claude_Lelouch
Claudio Epelman,people,,false,https://fr.wikipedia.org/wiki/Claudio_Epelman
Clément Viktorovitch,people,,true,https://fr.wikipedia.org/wiki/Cl%C3%A9ment_Viktorovitch
Clément Weill-Raynal,people,,true,https://fr.wikipedia.org/wiki/Cl%C3%A9ment_Weill-Raynal
Constance Bensussan,people,,false,https://fr.wikipedia.org/wiki/Constance_Bensussan
Corinne Dreyfus-Schmidt,people,,true,https://fr.wikipedia.org/wiki/Corinne_Dreyfus-Schmidt
Corinne Lepage,people,,true,https://fr.wikipedia.org/wiki/Corinne_Lepage
Cyril Hanouna,people,,true,https://fr.wikipedia.org/wiki/Cyril_Hanouna
Dan Cohen,people,,false,https://fr.wikipedia.org/wiki/Dan_Cohen
Daniel Bensaïd,people,,true,https://fr.wikipedia.org/wiki/Daniel_Bensa%C3%AFd
Daniel Cohen,people,,true,https://fr.wikipedia.org/wiki/Daniel_Cohen
Daniel Cohn-Bendit,people,,true,https://fr.wikipedia.org/wiki/Daniel_Cohn-Bendit
Daniel Hechter,people,,true,https://fr.wikipedia.org/wiki/Daniel_Hechter
Daniel Lévy-Bruhl,people,,true,
Daniel Schneidermann,people,,true,https://fr.wikipedia.org/wiki/Daniel_Schneidermann
Daniel Zielinski,people,,false,https://fr.wikipedia.org/wiki/Daniel_Zielinski
Daniela Lumbroso,people,,true,https://fr.wikipedia.org/wiki/Daniela_Lumbroso
Danièle Hoffman-Rispal,people,,true,https://fr.wikipedia.org/wiki/Dani%C3%A8le_Hoffman-Rispal
Danny Trom,people,,true,https://fr.wikipedia.org/wiki/Danny_Trom
Dany Boon,people,,true,https://fr.wikipedia.org/wiki/Dany_Boon
Dave,people,,false,https://fr.wikipedia.org/wiki/Dave
David Abiker,people,,true,https://fr.wikipedia.org/wiki/David_Abiker
David Amiel,people,,false,https://fr.wikipedia.org/wiki/David_Amiel
David Assouline,people,,true,https://fr.wikipedia.org/wiki/David_Assouline
David Azéma,people,,false,https://fr.wikipedia.org/wiki/David_Az%C3%A9ma
David Charvet,people,,true,https://fr.wikipedia.org/wiki/David_Charvet
David de Rothschild,people,,true,https://fr.wikipedia.org/wiki/David_de_Rothschild
David Guetta,people,,true,https://fr.wikipedia.org/wiki/David_Guetta
David Habib,people,,true,https://fr.wikipedia.org/wiki/David_Habib
David Marmorstein,people,,false,https://fr.wikipedia.org/wiki/David_Marmorstein
David Solomon,people,,false,https://fr.wikipedia.org/wiki/David_Solomon
David-Olivier Kaminski,people,,true,https://fr.wikipedia.org/wiki/David-Olivier_Kaminski
Déborah Münzer,people,,false,https://fr.wikipedia.org/wiki/D%C3%A9borah_M%C3%BCnzer
Delphine Horvilleur,people,,true,https://fr.wikipedia.org/wiki/Delphine_Horvilleur
Denis Olivenne,people,,true,https://fr.wikipedia.org/wiki/Denis_Olivenne
Diego Buñuel,people,,true,https://fr.wikipedia.org/wiki/Diego_Bu%C3%B1uel
Dominique David,people,,false,https://fr.wikipedia.org/wiki/Dominique_David
Dominique Farrugia,people,,true,https://fr.wikipedia.org/wiki/Dominique_Farrugia
Dominique Moïsi,people,,true,https://fr.wikipedia.org/wiki/Dominique_Mo%C3%AFsi
Dominique Nora,people,,true,https://fr.wikipedia.org/wiki/Dominique_Nora
Dominique Schnapper,people,,true,https://fr.wikipedia.org/wiki/Dominique_Schnapper
Dominique Strauss-Kahn,people,,true,https://fr.wikipedia.org/wiki/Dominique_Strauss-Kahn
Doris Fisher,people,,false,https://fr.wikipedia.org/wiki/Doris_Fisher
Dov Alfon,people,,true,https://fr.wikipedia.org/wiki/Dov_Alfon
Dustin Moskovitz,people,,false,
Edgar Morin,people,,true,https://fr.wikipedia.org/wiki/Edgar_Morin
Édouard Baer,people,,true,https://fr.wikipedia.org/wiki/%C3%89douard_Baer
Élie Chouraqui,people,,true,https://fr.wikipedia.org/wiki/%C3%89lie_Chouraqui
Élie Semoun,people,,true,https://fr.wikipedia.org/wiki/%C3%89lie_Semoun
Éliette Abécassis,people,,true,https://fr.wikipedia.org/wiki/%C3%89liette_Ab%C3%A9cassis
Élisabeth Badinter,people,,true,https://fr.wikipedia.org/wiki/%C3%89lisabeth_Badinter
Élisabeth Borne,people,,true,https://fr.wikipedia.org/wiki/%C3%89lisabeth_Borne
Élisabeth Garouste,people,,true,https://fr.wikipedia.org/wiki/%C3%89lisabeth_Garouste
Élisabeth Lévy,people,,true,https://fr.wikipedia.org/wiki/%C3%89lisabeth_L%C3%A9vy
Élisabeth Roudinesco,people,,true,https://fr.wikipedia.org/wiki/%C3%89lisabeth_Roudinesco
Élise Fajgeles,people,,true,https://fr.wikipedia.org/wiki/%C3%89lise_Fajgeles
Elise Goldfarb,people,,false,
Elsa Fayer,people,,true,https://fr.wikipedia.org/wiki/Elsa_Fayer
Elsa Zylberstein,people,,true,https://fr.wikipedia.org/wiki/Elsa_Zylberstein
Emmanuel Goldstein,people,,false,https://fr.wikipedia.org/wiki/Emmanuel_Goldstein
Emmanuel Kessler,people,,true,https://fr.wikipedia.org/wiki/Emmanuel_Kessler
Emmanuel Levy,people,,true,https://fr.wikipedia.org/wiki/Emmanuel_Levy
Emmanuelle Béart,people,,true,https://fr.wikipedia.org/wiki/Emmanuelle_B%C3%A9art
Emmanuelle Wargon,people,,true,https://fr.wikipedia.org/wiki/Emmanuelle_Wargon
Enrico Macias,people,,true,https://fr.wikipedia.org/wiki/Enrico_Macias
Éric Antoine,people,,true,https://fr.wikipedia.org/wiki/%C3%89ric_Antoine_(magicien)
Éric de Rothschild,people,,true,https://fr.wikipedia.org/wiki/%C3%89ric_de_Rothschild
Éric Ghebali,people,,true,
Éric Toledano,people,,true,https://fr.wikipedia.org/wiki/%C3%89ric_Toledano
Éric Zemmour,people,,true,https://fr.wikipedia.org/wiki/%C3%89ric_Zemmour
Esther Benbassa,people,,true,https://fr.wikipedia.org/wiki/Esther_Benbassa
Étienne Balibar,people,,true,https://fr.wikipedia.org/wiki/%C3%89tienne_Balibar
Étienne Moatti,people,,true,
Étienne-Émile Baulieu,people,,true,https://fr.wikipedia.org/wiki/%C3%89tienne-%C3%89mile_Baulieu
Eva Green,people,,false,https://fr.wikipedia.org/wiki/Eva_Green
Eve Zuckerman,people,,true,https://fr.wikipedia.org/wiki/Eve_Zuckerman
Evelyne Chétrite,people,,true,
Fabian Thylmann,people,,false,https://fr.wikipedia.org/wiki/Fabian_Thylmann
Fabien Namias,people,,true,https://fr.wikipedia.org/wiki/Fabien_Namias
Fabrice d’Almeida,people,,true,https://fr.wikipedia.org/wiki/Fabrice_d%27Almeida
Francis Huster,people,,true,https://fr.wikipedia.org/wiki/Francis_Huster
Francis Kalifat,people,,true,https://fr.wikipedia.org/wiki/Francis_Kalifat
Francis Szpiner,people,,true,https://fr.wikipedia.org/wiki/Francis_Szpiner
Franck Provost,people,,false,https://fr.wikipedia.org/wiki/Franck_Provost
François Berléand,people,,true,https://fr.wikipedia.org/wiki/Fran%C3%A7ois_Berl%C3%A9and
François Samuelson,people,,true,
François Zimeray,people,,false,https://fr.wikipedia.org/wiki/Fran%C3%A7ois_Zimeray
Françoise Atlan,people,,true,https://fr.wikipedia.org/wiki/Fran%C3%A7oise_Atlan
Frank Melloul,people,,false,https://fr.wikipedia.org/wiki/Frank_Melloul
Franz-Olivier Giesbert,people,,true,https://fr.wikipedia.org/wiki/Franz-Olivier_Giesbert
Frédéric Dabi,people,,true,https://fr.wikipedia.org/wiki/Fr%C3%A9d%C3%A9ric_Dabi
Frédéric Diefenthal,people,,true,https://fr.wikipedia.org/wiki/Fr%C3%A9d%C3%A9ric_Diefenthal
Frédéric Encel,people,,true,https://fr.wikipedia.org/wiki/Fr%C3%A9d%C3%A9ric_Encel
Frédéric Haziza,people,,true,https://fr.wikipedia.org/wiki/Fr%C3%A9d%C3%A9ric_Haziza
Gabriel Attal,people,,true,https://fr.wikipedia.org/wiki/Gabriel_Attal
Gabriel Matzneff,people,,true,https://fr.wikipedia.org/wiki/Gabriel_Matzneff
Gabriel Naouri,people,,true,https://fr.wikipedia.org/wiki/Gabriel_Naouri
Gad Elmaleh,people,,true,https://fr.wikipedia.org/wiki/Gad_Elmaleh
Galia Ackerman,people,,true,https://fr.wikipedia.org/wiki/Galia_Ackerman
Geneviève Levy,people,,true,https://fr.wikipedia.org/wiki/Genevi%C3%A8ve_Levy
George Soros,people,,false,https://fr.wikipedia.org/wiki/George_Soros
Georges Beller,people,,true,https://fr.wikipedia.org/wiki/Georges_Beller
Georges Kiejman,people,,true,https://fr.wikipedia.org/wiki/Georges_Kiejman
Georges-Marc Benamou,people,,true,https://fr.wikipedia.org/wiki/Georges-Marc_Benamou
Gérald Darmanin,people,,true,https://fr.wikipedia.org/wiki/G%C3%A9rald_Darmanin
Géraldine Muhlmann,people,,false,
Géraldine Nakache,people,,true,https://fr.wikipedia.org/wiki/G%C3%A9raldine_Nakache
Gérard Darmon,people,,true,https://fr.wikipedia.org/wiki/G%C3%A9rard_Darmon
Gérard Garçon,people,,true,
Gérard Lindeperg,people,,false,https://fr.wikipedia.org/wiki/G%C3%A9rard_Lindeperg
Gérard Miller,people,,true,https://fr.wikipedia.org/wiki/G%C3%A9rard_Miller
Gérard Pariente,people,,true,
Gérard Rabinovitch,people,,false,
Gérard Wertheimer,people,,true,https://fr.wikipedia.org/wiki/G%C3%A9rard_Wertheimer
Gil Mihaely,people,,true,https://fr.wikipedia.org/wiki/Gil_Mihaely
Gil Taïeb,people,,true,
Gilbert Melki,people,,true,https://fr.wikipedia.org/wiki/Gilbert_Melki
Gilbert Montagné,people,,true,https://fr.wikipedia.org/wiki/Gilbert_Montagn%C3%A9
Gilles Abecassis,people,,true,https://fr.wikipedia.org/wiki/Gilles_Abecassis
Gilles Bornstein,people,,true,https://fr.wikipedia.org/wiki/Gilles_Bornstein
Gilles Cohen-Solal,people,,true,https://fr.wikipedia.org/wiki/Gilles_Cohen-Solal
Gilles Finchelstein,people,,true,https://fr.wikipedia.org/wiki/Gilles_Finchelstein
Gilles-William Goldnadel,people,,true,https://fr.wikipedia.org/wiki/Gilles-William_Goldnadel
Ginette Moulin,people,,true,https://fr.wikipedia.org/wiki/Ginette_Moulin
Greg Lansky,people,,true,https://fr.wikipedia.org/wiki/Greg_Lansky
Grégoire Chertok,people,,true,https://fr.wikipedia.org/wiki/Gr%C3%A9goire_Chertok
Grégory Dorcel,people,,true,
Guillaume Chiche,people,,true,https://fr.wikipedia.org/wiki/Guillaume_Chiche
Guillaume Houzé,people,,true,https://fr.wikipedia.org/wiki/Guillaume_Houz%C3%A9
Guillaume Weill-Raynal,people,,true,https://fr.wikipedia.org/wiki/Guillaume_Weill-Raynal
Guy Konopnicki,people,,true,https://fr.wikipedia.org/wiki/Guy_Konopnicki
Guy Sorman,people,,true,https://fr.wikipedia.org/wiki/Guy_Sorman
Haïm Korsia,people,,true,https://fr.wikipedia.org/wiki/Ha%C3%AFm_Korsia
Hélène Cixous,people,,true,https://fr.wikipedia.org/wiki/H%C3%A9l%C3%A8ne_Cixous
Henri Weber,people,,true,https://fr.wikipedia.org/wiki/Henri_Weber
Henry Kissinger,people,,false,https://fr.wikipedia.org/wiki/Henry_Kissinger
Hervé Mariton,people,,true,https://fr.wikipedia.org/wiki/Herv%C3%A9_Mariton
Hervé Temime,people,,true,https://fr.wikipedia.org/wiki/Herv%C3%A9_Temime
Howard Schultz,people,,false,https://fr.wikipedia.org/wiki/Howard_Schultz
Ian Brossat,people,,true,https://fr.wikipedia.org/wiki/Ian_Brossat
Ilana Cicurel,people,,true,https://fr.wikipedia.org/wiki/Ilana_Cicurel
Ilana Soskin,people,,true,https://fr.wikipedia.org/wiki/Ilana_Soskin
Iris Knobloch,people,,false,https://fr.wikipedia.org/wiki/Iris_Knobloch
Isaac Larian,people,,false,https://fr.wikipedia.org/wiki/Isaac_Larian
Isabelle Huppert,people,,false,https://fr.wikipedia.org/wiki/Isabelle_Huppert
Isidore Partouche,people,,true,https://fr.wikipedia.org/wiki/Isidore_Partouche
Jack Azoulay,people,,true,https://fr.wikipedia.org/wiki/Jack_Azoulay
Jack Lang,people,,true,https://fr.wikipedia.org/wiki/Jack_Lang
Jack Terpins,people,,false,https://fr.wikipedia.org/wiki/Jack_Terpins
Jacob Rothschild,people,,false,https://fr.wikipedia.org/wiki/Jacob_Rothschild
Jacques Attali,people,,true,https://fr.wikipedia.org/wiki/Jacques_Attali
Jacques-Alain Miller,people,,true,https://fr.wikipedia.org/wiki/Jacques-Alain_Miller
James Deen,people,,false,https://fr.wikipedia.org/wiki/James_Deen
Jan Koum,people,,false,https://fr.wikipedia.org/wiki/Jan_Koum
Jean Benguigui,people,,true,https://fr.wikipedia.org/wiki/Jean_Benguigui
Jean Salomon,people,,true,https://fr.wikipedia.org/wiki/Jean_Salomon
Jean-Bernard Lévy,people,,true,https://fr.wikipedia.org/wiki/Jean-Bernard_L%C3%A9vy
Jean-Charles Banoun,people,,true,https://fr.wikipedia.org/wiki/Jean-Charles_Banoun
Jean-Charles Naouri,people,,true,https://fr.wikipedia.org/wiki/Jean-Charles_Naouri
Jean-Claude Elfassi,people,,true,https://fr.wikipedia.org/wiki/Jean-Claude_Elfassi
Jean-David Levitte,people,,true,https://fr.wikipedia.org/wiki/Jean-David_Levitte
Jean-François Copé,people,,true,https://fr.wikipedia.org/wiki/Jean-Fran%C3%A7ois_Cop%C3%A9
Jean-François Delfraissy,people,,true,https://fr.wikipedia.org/wiki/Jean-Fran%C3%A7ois_Delfraissy
Jean-François Dérec,people,,true,https://fr.wikipedia.org/wiki/Jean-Fran%C3%A7ois_D%C3%A9rec
Jean-François Kahn,people,,true,https://fr.wikipedia.org/wiki/Jean-Fran%C3%A7ois_Kahn
Jean-Jacques Goldman,people,,true,https://fr.wikipedia.org/wiki/Jean-Jacques_Goldman
Jean-Jacques Ohana,people,,true,https://fr.wikipedia.org/wiki/Jean-Jacques_Ohana
Jean-Jacques Zambrowski,people,,false,
Jean-Louis Debré,people,,true,https://fr.wikipedia.org/wiki/Jean-Louis_Debr%C3%A9
Jean-Louis Missika,people,,true,https://fr.wikipedia.org/wiki/Jean-Louis_Missika
Jean-Luc Azoulay,people,,true,https://fr.wikipedia.org/wiki/Jean-Luc_Azoulay
Jean-Luc Reichmann,people,,true,https://fr.wikipedia.org/wiki/Jean-Luc_Reichmann
Jean-Michel Cohen,people,,true,https://fr.wikipedia.org/wiki/Jean-Michel_Cohen
Jean-Michel Darrois,people,,true,https://fr.wikipedia.org/wiki/Jean-Michel_Darrois
Jean-Paul Enthoven,people,,true,https://fr.wikipedia.org/wiki/Jean-Paul_Enthoven
Jean-Pierre Elkabbach,people,,true,https://fr.wikipedia.org/wiki/Jean-Pierre_Elkabbach
Jean-Pierre Foucault,people,,true,https://fr.wikipedia.org/wiki/Jean-Pierre_Foucault
Jean-Pierre Rosenczveig,people,,false,https://fr.wikipedia.org/wiki/Jean-Pierre_Rosenczveig
Jean-Yves Camus,people,,true,https://fr.wikipedia.org/wiki/Jean-Yves_Camus
Jeffrey Sachs,people,,false,https://fr.wikipedia.org/wiki/Jeffrey_Sachs
Jérôme Clément,people,,false,https://fr.wikipedia.org/wiki/J%C3%A9r%C3%B4me_Cl%C3%A9ment
Jérôme Guedj,people,,false,https://fr.wikipedia.org/wiki/Jérôme_Guedj
Jérôme Salomon,people,,true,https://fr.wikipedia.org/wiki/J%C3%A9r%C3%B4me_Salomon
Jerry Greenfield,people,,false,https://fr.wikipedia.org/wiki/Jerry_Greenfield
Joachim Bokobza,people,,false,https://fr.wikipedia.org/wiki/Joachim_Bokobza
Joël Mergui,people,,true,https://fr.wikipedia.org/wiki/Jo%C3%ABl_Mergui
Johanna Barasz,people,,true,https://fr.wikipedia.org/wiki/Johanna_Barasz
Jonathan Cohen,people,,true,https://fr.wikipedia.org/wiki/Jonathan_Cohen
Joseph Stiglitz,people,,false,https://fr.wikipedia.org/wiki/Joseph_Stiglitz
Joseph Zimet,people,,true,https://fr.wikipedia.org/wiki/Joseph_Zimet
Joyce Jonathan,people,,true,https://fr.wikipedia.org/wiki/Joyce_Jonathan
Judith Godrèche,people,,true,https://fr.wikipedia.org/wiki/Judith_Godr%C3%A8che
Judith Mergui,people,,true,https://fr.wikipedia.org/wiki/Judith_Mergui
Judith Milgrom,people,,true,https://fr.wikipedia.org/wiki/Judith_Milgrom
Judith Waintraub,people,,true,https://fr.wikipedia.org/wiki/Judith_Waintraub
Julia Layani,people,,false,
Julien Dray,people,,true,https://fr.wikipedia.org/wiki/Julien_Dray
Juliette Oury,people,,false,https://fr.wikipedia.org/wiki/Juliette_Oury
Karen Taïeb,people,,true,
Kev Adams,people,,true,https://fr.wikipedia.org/wiki/Kev_Adams
Larry Ellison,people,,false,https://fr.wikipedia.org/wiki/Larry_Ellison
Laure Adler,people,,true,https://fr.wikipedia.org/wiki/Laure_Adler
Laurence Bloch,people,,true,https://fr.wikipedia.org/wiki/Laurence_Bloch
Laurence Cohen,people,,true,https://fr.wikipedia.org/wiki/Laurence_Cohen
Laurence Fink,people,,false,https://fr.wikipedia.org/wiki/Laurence_Fink
Laurence Haïm,people,,true,https://fr.wikipedia.org/wiki/Laurence_Ha%C3%AFm
Laurence Tubiana,people,,true,https://fr.wikipedia.org/wiki/Laurence_Tubiana
Laurent Alexandre,people,,true,https://fr.wikipedia.org/wiki/Laurent_Alexandre
Laurent Azoulai,people,,false,https://fr.wikipedia.org/wiki/Laurent_Azoulai
Laurent Cohen,people,,true,https://fr.wikipedia.org/wiki/Laurent_Cohen
Laurent Elicha,people,,true,https://fr.wikipedia.org/wiki/Laurent_Elicha
Laurent Fabius,people,,true,https://fr.wikipedia.org/wiki/Laurent_Fabius
Laurent Karila,people,,true,https://fr.wikipedia.org/wiki/Laurent_Karila
Laurent Neumann,people,,true,https://fr.wikipedia.org/wiki/Laurent_Neumann
Laurent Weil,people,,true,https://fr.wikipedia.org/wiki/Laurent_Weil
Léa Drucker,people,,true,https://fr.wikipedia.org/wiki/L%C3%A9a_Drucker
Léo Finkel,people,,true,
Lionel Abelanski,people,,true,https://fr.wikipedia.org/wiki/Lionel_Abelanski
Lionel Choukroun,people,,true,https://fr.wikipedia.org/wiki/Lionel_Choukroun
Lloyd Blankfein,people,,false,https://fr.wikipedia.org/wiki/Lloyd_Blankfein
Louis Aliot,people,,true,https://fr.wikipedia.org/wiki/Louis_Aliot
Louis Bertignac,people,,true,https://fr.wikipedia.org/wiki/Louis_Bertignac
Louis Dreyfus,people,,true,https://fr.wikipedia.org/wiki/Louis_Dreyfus
Louis Garrel,people,,false,https://fr.wikipedia.org/wiki/Louis_Garrel
Luc Rosenzweig,people,,false,https://fr.wikipedia.org/wiki/Luc_Rosenzweig
Lucian Grainge,people,,false,https://fr.wikipedia.org/wiki/Lucian_Grainge
Maïa Wirgin,people,,false,
Marc Benioff,people,,false,https://fr.wikipedia.org/wiki/Marc_Benioff
Marc Dorcel,people,,true,https://fr.wikipedia.org/wiki/Marc_Dorcel
Marc Fiorentino,people,,true,https://fr.wikipedia.org/wiki/Marc_Fiorentino
Marc Jacobs,people,,false,https://fr.wikipedia.org/wiki/Marc_Jacobs
Marc Knobel,people,,true,https://fr.wikipedia.org/wiki/Marc_Knobel
Marc Kravetz,people,,true,https://fr.wikipedia.org/wiki/Marc_Kravetz
Marc Levy,people,,true,https://fr.wikipedia.org/wiki/Marc_Levy
Marc Lévy,people,,false,
Marc Peschanski,people,,true,https://fr.wikipedia.org/wiki/Marc_Peschanski
Marc-Olivier Fogiel,people,,true,https://fr.wikipedia.org/wiki/Marc-Olivier_Fogiel
Marcel Ichou,people,,false,
Marek Halter,people,,true,https://fr.wikipedia.org/wiki/Marek_Halter
Marie Benoliel,people,,true,https://fr.wikipedia.org/wiki/Marie_Benoliel
Marie Drucker,people,,true,https://fr.wikipedia.org/wiki/Marie_Drucker
Marin Karmitz,people,,true,https://fr.wikipedia.org/wiki/Marin_Karmitz
Marina Foïs,people,,true,https://fr.wikipedia.org/wiki/Marina_Fo%C3%AFs
Mark Zuckerberg,people,,false,https://fr.wikipedia.org/wiki/Mark_Zuckerberg
Martin Hirsch,people,,true,https://fr.wikipedia.org/wiki/Martin_Hirsch
Mathias Chichportich,people,,true,https://fr.wikipedia.org/wiki/Mathias_Chichportich
Mathias Enthoven,people,,true,https://fr.wikipedia.org/wiki/Mathias_Enthoven
Mathieu Amalric,people,,false,https://fr.wikipedia.org/wiki/Mathieu_Amalric
Mathieu Kassovitz,people,,true,https://fr.wikipedia.org/wiki/Mathieu_Kassovitz
Maurice Lévy,people,,true,
Maurice Szafran,people,,true,https://fr.wikipedia.org/wiki/Maurice_Szafran
Max Boublil,people,,true,https://fr.wikipedia.org/wiki/Max_Boublil
Maxime Saada,people,,true,https://fr.wikipedia.org/wiki/Maxime_Saada
Mcfly,people,,false,
Mélanie Laurent,people,,true,https://fr.wikipedia.org/wiki/M%C3%A9lanie_Laurent
Meyer Habib,people,,true,https://fr.wikipedia.org/wiki/Meyer_Habib
Michael Dell,people,,false,https://fr.wikipedia.org/wiki/Michael_Dell
Michael Morhaime,people,,false,https://fr.wikipedia.org/wiki/Michael_Morhaime
Michaël Youn,people,,true,https://fr.wikipedia.org/wiki/Micha%C3%ABl_Youn
Michel Amiel,people,,true,https://fr.wikipedia.org/wiki/Michel_Amiel
Michel Boujenah,people,,true,https://fr.wikipedia.org/wiki/Michel_Boujenah
Michel Cicurel,people,,true,https://fr.wikipedia.org/wiki/Michel_Cicurel
Michel Ciment,people,,true,https://fr.wikipedia.org/wiki/Michel_Ciment
Michel Cymes,people,,true,https://fr.wikipedia.org/wiki/Michel_Cymes
Michel David-Weill,people,,true,https://fr.wikipedia.org/wiki/Michel_David-Weill
Michel Drucker,people,,true,https://fr.wikipedia.org/wiki/Michel_Drucker
Michel Field,people,,true,https://fr.wikipedia.org/wiki/Michel_Field
Michel Jonasz,people,,true,https://fr.wikipedia.org/wiki/Michel_Jonasz
Michel Leeb,people,,true,https://fr.wikipedia.org/wiki/Michel_Leeb
Michel Tubiana,people,,true,https://fr.wikipedia.org/wiki/Michel_Tubiana
Michel Wieviorka,people,,true,https://fr.wikipedia.org/wiki/Michel_Wieviorka
Michèle Barzach,people,,true,https://fr.wikipedia.org/wiki/Mich%C3%A8le_Barzac
Mickaël Benzaqui,people,,true,
Mickaël Szerman,people,,true,
Nagui,people,,true,https://fr.wikipedia.org/wiki/Nagui
Nathalie Boy de la Tour,people,,true,https://fr.wikipedia.org/wiki/Nathalie_Boy_de_la_Tour
Nathalie Goulet,people,,true,https://fr.wikipedia.org/wiki/Nathalie_Goulet
Nathalie Levy,people,,true,https://fr.wikipedia.org/wiki/Nathalie_Levy
Nathanaël Mason-Schuler,people,,false,
Nicholas Stern,people,,false,https://fr.wikipedia.org/wiki/Nicholas_Stern
Nicolas Demorand,people,,true,https://fr.wikipedia.org/wiki/Nicolas_Demorand
Nicole Guedj,people,,true,https://fr.wikipedia.org/wiki/Nicole_Guedj
Noémie Halioua,people,,true,
Noémie Madar,people,,true,
Nora Arnezeder,people,,true,https://fr.wikipedia.org/wiki/Nora_Arnezeder
Odile Jacob,people,,true,https://fr.wikipedia.org/wiki/Odile_Jacob
Olivier Dassault,people,,true,https://fr.wikipedia.org/wiki/Olivier_Dassault
Olivier Nakache,people,,true,https://fr.wikipedia.org/wiki/Olivier_Nakache
Olivier Rubinstein,people,,true,https://fr.wikipedia.org/wiki/Olivier_Rubinstein
Olivier Sitruk,people,,true,https://fr.wikipedia.org/wiki/Olivier_Sitruk
Olivier Wieviorka,people,,true,https://fr.wikipedia.org/wiki/Olivier_Wieviorka
Orit Gadiesh,people,,false,https://fr.wikipedia.org/wiki/Orit_Gadiesh
Pascal Cherki,people,,true,https://fr.wikipedia.org/wiki/Pascal_Cherki
Pascal Elbé,people,,true,https://fr.wikipedia.org/wiki/Pascal_Elb%C3%A9
Patrick Balkany,people,,true,https://fr.wikipedia.org/wiki/Patrick_Balkany
Patrick Bruel,people,,true,https://fr.wikipedia.org/wiki/Patrick_Bruel
Patrick Cohen,people,,true,https://fr.wikipedia.org/wiki/Patrick_Cohen
Patrick Drahi,people,,true,https://fr.wikipedia.org/wiki/Patrick_Drahi
Patrick Kanner,people,,true,https://fr.wikipedia.org/wiki/Patrick_Kanner
Patrick Klugman,people,,true,https://fr.wikipedia.org/wiki/Patrick_Klugman
Patrick Pariente,people,,true,https://fr.wikipedia.org/wiki/Patrick_Pariente
Patrick Partouche,people,,true,https://fr.wikipedia.org/wiki/Patrick_Partouche
Patrick Timsit,people,,true,https://fr.wikipedia.org/wiki/Patrick_Timsit
Paul Amar,people,,true,https://fr.wikipedia.org/wiki/Paul_Amar
Paul Lederman,people,,true,https://fr.wikipedia.org/wiki/Paul_Lederman
Paul Simondon,people,,false,https://fr.wikipedia.org/wiki/Paul_Simondon
Philippe Amouyel,people,,false,
Philippe Lellouche,people,,false,https://fr.wikipedia.org/wiki/Philippe_Lellouche
Philippe Meyer,people,,true,https://fr.wikipedia.org/wiki/Philippe_Meyer
Pierre Abou,people,,false,https://fr.wikipedia.org/wiki/Pierre_Abou
Pierre Aidenbaum,people,,true,https://fr.wikipedia.org/wiki/Pierre_Aidenbaum
Pierre Arditi,people,,true,https://fr.wikipedia.org/wiki/Pierre_Arditi
Pierre Bellanger,people,,true,https://fr.wikipedia.org/wiki/Pierre_Bellanger
Pierre Besnainou,people,,true,https://fr.wikipedia.org/wiki/Pierre_Besnainou
Pierre Haski,people,,true,https://fr.wikipedia.org/wiki/Pierre_Haski
Pierre Joxe,people,,true,https://fr.wikipedia.org/wiki/Pierre_Joxe
Pierre Lellouche,people,,false,https://fr.wikipedia.org/wiki/Pierre_Lellouche
Pierre Lévy,people,,true,https://fr.wikipedia.org/wiki/Pierre_L%C3%A9vy_(diplomate)
Pierre Ménès,people,,true,https://fr.wikipedia.org/wiki/Pierre_M%C3%A9n%C3%A8s
Pierre Moscovici,people,,true,https://fr.wikipedia.org/wiki/Pierre_Moscovici
Pierre Niney,people,,true,https://fr.wikipedia.org/wiki/Pierre_Niney
Pierre Nora,people,,true,https://fr.wikipedia.org/wiki/Pierre_Nora
Rachel Khan,people,,false,
Radu Mihaileanu,people,,true,https://fr.wikipedia.org/wiki/Radu_Mihaileanu
Ralph Lauren,people,,false,https://fr.wikipedia.org/wiki/Ralph_Lauren
Raphaël Elicha,people,,true,
Raphaël Enthoven,people,,true,https://fr.wikipedia.org/wiki/Rapha%C3%ABl_Enthoven
Raphaël Glucksmann,people,,true,https://fr.wikipedia.org/wiki/Rapha%C3%ABl_Glucksmann
Raphaël Grably,people,,false,
Raphaël Mezrahi,people,,true,https://fr.wikipedia.org/wiki/Rapha%C3%ABl_Mezrahi
Rebecca Zlotowski,people,,true,https://fr.wikipedia.org/wiki/Rebecca_Zlotowski
Reid Hoffman,people,,false,https://fr.wikipedia.org/wiki/Reid_Hoffman
Richard Anconina,people,,true,https://fr.wikipedia.org/wiki/Richard_Anconina
Richard Berry,people,,true,https://fr.wikipedia.org/wiki/Richard_Berry
Richard Kolinka,people,,true,https://fr.wikipedia.org/wiki/Richard_Kolinka
Richard Malka,people,,true,https://fr.wikipedia.org/wiki/Richard_Malka
Richard Prasquier,people,,true,https://fr.wikipedia.org/wiki/Richard_Prasquier
Robert Badinter,people,,true,https://fr.wikipedia.org/wiki/Robert_Badinter
Robert Kotick,people,,false,https://fr.wikipedia.org/wiki/Robert_Kotick
Robert Kraft,people,,false,https://fr.wikipedia.org/wiki/Robert_Kraft
Robert Singer,people,,false,https://fr.wikipedia.org/wiki/Robert_Singer
Roger Cukierman,people,,true,https://fr.wikipedia.org/wiki/Roger_Cukierman
Roger Karoutchi,people,,true,https://fr.wikipedia.org/wiki/Roger_Karoutchi
Roland Castro,people,,true,https://fr.wikipedia.org/wiki/Roland_Castro
Roland Magdane,people,,false,
Ronald Lauder,people,,false,https://fr.wikipedia.org/wiki/Ronald_Lauder
Rudy Reichstadt,people,,true,https://fr.wikipedia.org/wiki/Rudy_Reichstadt
Ruth Elkrief,people,,true,https://fr.wikipedia.org/wiki/Ruth_Elkrief
Sacha Ghozlan,people,,true,https://fr.wikipedia.org/wiki/Sacha_Ghozlan_
Safra Catz,people,,false,https://fr.wikipedia.org/wiki/Safra_Catz
Samira Jemaï,people,,false,
Samuel Benchetrit,people,,true,https://fr.wikipedia.org/wiki/Samuel_Benchetrit
Sandrine Kiberlain,people,,true,https://fr.wikipedia.org/wiki/Sandrine_Kiberlain
Santiago Amigorena,people,,true,https://fr.wikipedia.org/wiki/Santiago_Amigorena
Serge Federbusch,people,,true,https://fr.wikipedia.org/wiki/Serge_Federbusch
Serge Halimi,people,,true,https://fr.wikipedia.org/wiki/Serge_Halimi
Serge Khalfon,people,,true,https://fr.wikipedia.org/wiki/Serge_Khalfon
Serge Klarsfeld,people,,true,https://fr.wikipedia.org/wiki/Serge_Klarsfeld
Serge Moati,people,,true,https://fr.wikipedia.org/wiki/Serge_Moati
Serge Nedjar,people,,true,https://fr.wikipedia.org/wiki/Serge_Nedjar
Serge Toubiana,people,,true,https://fr.wikipedia.org/wiki/Serge_Toubiana
Serge Weinberg,people,,true,https://fr.wikipedia.org/wiki/Serge_Weinberg
Sergueï Brin,people,,false,https://fr.wikipedia.org/wiki/Sergey_Brin
Sheryl Sandberg,people,,false,https://fr.wikipedia.org/wiki/Sheryl_Sandberg
Sidney Toledano,people,,false,https://fr.wikipedia.org/wiki/Sidney_Toledano
Simon Fetet,people,,false,https://fr.wikipedia.org/wiki/Simon_Fetet
Simon Ghraichy,people,,true,https://fr.wikipedia.org/wiki/Simon_Ghraichy
Soria Blatmann,people,,false,https://fr.wikipedia.org/wiki/Soria_Blatmann
Steeve Ruben,people,,true,https://fr.wikipedia.org/wiki/Steeve_Ruben
Stéphane Bern,people,,true,https://fr.wikipedia.org/wiki/St%C3%A9phane_Bern
Stéphane Fouks,people,,false,https://fr.wikipedia.org/wiki/St%C3%A9phane_Fouks
Stéphane Israël,people,,true,https://fr.wikipedia.org/wiki/St%C3%A9phane_Isra%C3%ABl
Stéphane Lilti,people,,true,
Stéphane Sitbon-Gomez,people,,true,https://fr.wikipedia.org/wiki/St%C3%A9phane_Sitbon
Stephen Kaufer,people,,false,https://fr.wikipedia.org/wiki/Stephen_Kaufer
Steve Suissa,people,,true,https://fr.wikipedia.org/wiki/Steve_Suissa
Stuart Levey,people,,false,https://fr.wikipedia.org/wiki/Stuart_Levey
Susan Wojcicki,people,,false,https://fr.wikipedia.org/wiki/Susan_Wojcicki
Sylvain Attal,people,,true,https://fr.wikipedia.org/wiki/Sylvain_Attal
Sylvain Waserman,people,,true,https://fr.wikipedia.org/wiki/Sylvain_Waserman
Sylviane Agacinski,people,,true,https://fr.wikipedia.org/wiki/Sylviane_Agacinski
Sylvie Kauffmann,people,,true,https://fr.wikipedia.org/wiki/Sylvie_Kauffmann
Sylvie Wieviorka,people,,true,https://fr.wikipedia.org/wiki/Sylvie_Wieviorka
Tal Bruttmann,people,,true,https://fr.wikipedia.org/wiki/Tal_Bruttmann
Thierry Lhermitte,people,,true,https://fr.wikipedia.org/wiki/Thierry_Lhermitte
Thierry Veil,people,,true,https://fr.wikipedia.org/wiki/Thierry_Veil
Thomas Bangalter,people,,true,https://fr.wikipedia.org/wiki/Thomas_Bangalter
Thomas Hartog,people,,false,https://fr.wikipedia.org/wiki/Thomas_Hartog
Thomas Langmann,people,,true,https://fr.wikipedia.org/wiki/Thomas_Langmann
Thomas Misrachi,people,,true,https://fr.wikipedia.org/wiki/Thomas_Misrachi
Tomer Sisley,people,,true,https://fr.wikipedia.org/wiki/Tomer_Sisley
Travis Kalanick,people,,false,https://fr.wikipedia.org/wiki/Travis_Kalanick
Tristan Mendès France,people,,true,https://fr.wikipedia.org/wiki/Tristan_Mend%C3%A8s_France
Valérie Bénaïm,people,,true,https://fr.wikipedia.org/wiki/Val%C3%A9rie_B%C3%A9na%C3%AFm
Valérie Hoffenberg,people,,true,
Valéry Zeitoun,people,,true,https://fr.wikipedia.org/wiki/Val%C3%A9ry_Zeitoun
Viatcheslav Moshe Kantor,people,,false,https://fr.wikipedia.org/wiki/Viatcheslav_Moshe_Kantor
Vincent Bolloré,people,,true,https://fr.wikipedia.org/wiki/Vincent_Bollor%C3%A9
Vincent Elbaz,people,,true,https://fr.wikipedia.org/wiki/Vincent_Elbaz
Vincent Lindon,people,,true,https://fr.wikipedia.org/wiki/Vincent_Lindon
Vincent Peillon,people,,true,https://fr.wikipedia.org/wiki/Vincent_Peillon
Violette Lazard,people,,false,
Virginie Schwarz,people,,true,https://fr.wikipedia.org/wiki/Virginie_Schwarz
William Lowenstein,people,,true,https://fr.wikipedia.org/wiki/William_Lowenstein
Yaël Braun-Pivet,people,,true,https://fr.wikipedia.org/wiki/Ya%C3%ABl_Braun-Pivet
Yedidia Levy-Zauberman,people,,true,https://fr.wikipedia.org/wiki/Yedidia_Levy-Zauberman
Yonathan Freund,people,,false,
Yvan Attal,people,,true,https://fr.wikipedia.org/wiki/Yvan_Attal
Zabou Breitman,people,,true,https://fr.wikipedia.org/wiki/Zabou_Breitman
Acteurs,organization,Culture,,
Activision Blizzard,organization,Économie,,https://fr.wikipedia.org/wiki/Activision_Blizzard
Alain Afflelou (entreprise),organization,Économie,,https://fr.wikipedia.org/wiki/Alain_Afflelou_(entreprise)
Amazon,organization,Économie,,https://fr.wikipedia.org/wiki/Amazon
Arianespace,organization,Économie,,https://fr.wikipedia.org/wiki/Arianespace
Assemblée nationale,organization,Politique,,https://fr.wikipedia.org/wiki/Assembl%C3%A9e_nationale_(France)
Avocats sans frontières,organization,Politique,,
B'nai B'rith,organization,Politique,,https://fr.wikipedia.org/wiki/B'nai_B'rith
Bagelstein,organization,Économie,,https://fr.wikipedia.org/wiki/Bagelstein
Bain & Company,organization,Économie,,https://fr.wikipedia.org/wiki/Bain_&_Company
Banque mondiale,organization,Politique,,https://fr.wikipedia.org/wiki/Banque_mondiale
Ben & Jerry's,organization,Économie,,https://fr.wikipedia.org/wiki/Ben_&_Jerry's
BFM,organization,Médias,,https://fr.wikipedia.org/wiki/BFM
BlackRock,organization,Économie,,https://fr.wikipedia.org/wiki/BlackRock
Causeur,organization,Médias,,https://fr.wikipedia.org/wiki/Causeur
CGT,organization,Politique,,https://fr.wikipedia.org/wiki/CGT
Challenges,organization,Médias,,https://fr.wikipedia.org/wiki/Challenges
Chanel,organization,Économie,,https://fr.wikipedia.org/wiki/Chanel
CNRS,organization,Culture,,https://fr.wikipedia.org/wiki/CNRS
Comité consultatif national d'éthique,organization,Politique,,https://fr.wikipedia.org/wiki/Comit%C3%A9_consultatif_national_d%27%C3%A9thique
Commission trilatérale,organization,Politique,,https://fr.wikipedia.org/wiki/Commission_trilat%C3%A9rale
Congrès juif européen,organization,Politique,,https://fr.wikipedia.org/wiki/Congr%C3%A8s_juif_europ%C3%A9en
Congrès juif mondial,organization,Politique,,https://fr.wikipedia.org/wiki/Congr%C3%A8s_juif_mondial
Consistoire central israélite de France,organization,Politique,,https://fr.wikipedia.org/wiki/Consistoire_central_isra%C3%A9lite_de_France
Conspiracy Watch,organization,Politique,,https://fr.wikipedia.org/wiki/Conspiracy_Watch
CRIF,organization,Politique,,https://fr.wikipedia.org/wiki/CRIF
Dell,organization,Économie,,https://fr.wikipedia.org/wiki/Dell
DILCRAH,organization,Politique,,https://fr.wikipedia.org/wiki/DILCRAH
Dior,organization,Économie,,https://fr.wikipedia.org/wiki/Dior
Diplomates,organization,Politique,,https://fr.wikipedia.org/wiki/Diplomates
Doctissimo,organization,Économie,,https://fr.wikipedia.org/wiki/Doctissimo
Écrivains,organization,Culture,,
EHESS,organization,Culture,,https://fr.wikipedia.org/wiki/EHESS
Électricité de France,organization,Économie,,https://fr.wikipedia.org/wiki/%C3%89lectricit%C3%A9_de_France
Europe 1,organization,Médias,,https://fr.wikipedia.org/wiki/Europe_1
Europe Écologie Les Verts,organization,Politique,,https://fr.wikipedia.org/wiki/Europe_%C3%89cologie_Les_Verts
European Council on Foreign Relations,organization,Politique,,https://fr.wikipedia.org/wiki/European_Council_on_Foreign_Relations
Facebook,organization,Économie,,https://fr.wikipedia.org/wiki/Facebook
Fondapol,organization,Politique,,https://fr.wikipedia.org/wiki/Fondapol
Fondation Jean-Jaurès,organization,Politique,,https://fr.wikipedia.org/wiki/Fondation_Jean-Jaur%C3%A8s
Fondation pour la mémoire de la Shoah,organization,Politique,,https://fr.wikipedia.org/wiki/Fondation_pour_la_m%C3%A9moire_de_la_Shoah
Fonds social juif unifié,organization,Politique,,https://fr.wikipedia.org/wiki/Fonds_social_juif_unifi%C3%A9
France Télévisions,organization,Médias,,https://fr.wikipedia.org/wiki/France_T%C3%A9l%C3%A9visions
French-American Foundation,organization,Politique,,https://fr.wikipedia.org/wiki/French-American_Foundation
Galeries Lafayette,organization,Économie,,https://fr.wikipedia.org/wiki/Galeries_Lafayette
Gap,organization,Économie,,https://fr.wikipedia.org/wiki/Gap
Goldman Sachs,organization,Économie,,https://fr.wikipedia.org/wiki/Goldman_Sachs
Google,organization,Économie,,https://fr.wikipedia.org/wiki/Google
Gouvernement,organization,Politique,,
Grand Orient de France,organization,Politique,,https://fr.wikipedia.org/wiki/Grand_Orient_de_France
Groupe Bilderberg,organization,Politique,,https://fr.wikipedia.org/wiki/Groupe_Bilderberg
Groupe Canal+,organization,Médias,,https://fr.wikipedia.org/wiki/Groupe_Canal+
Groupe Casino,organization,Économie,,https://fr.wikipedia.org/wiki/Groupe_Casino
Groupe Partouche,organization,Économie,,https://fr.wikipedia.org/wiki/Groupe_Partouche
Groupe TF1,organization,Médias,,https://fr.wikipedia.org/wiki/Groupe_TF1
Haut Conseil pour le climat,organization,Politique,,https://fr.wikipedia.org/wiki/Haut_Conseil_pour_le_climat
Homme d’affaires,organization,Économie,,
Humoristes,organization,Culture,,
i24news,organization,Médias,,https://fr.wikipedia.org/wiki/i24news
"IAC (Tinder, Match.com, OkCupid, Vimeo...)",organization,Économie,,https://fr.wikipedia.org/wiki/IAC_(entreprise)
IFOP,organization,Médias,,https://fr.wikipedia.org/wiki/IFOP
IFRI,organization,Politique,,https://fr.wikipedia.org/wiki/IFRI
Industrie culturelle,organization,Culture,,
Industrie de la mode,organization,Économie,,https://fr.wikipedia.org/wiki/Industrie_de_la_mode
Industrie de santé,organization,Économie,,
Industrie musicale,organization,Culture,,
Industrie pornographique,organization,Culture,,
Influenceurs,organization,Médias,,
Institut de France,organization,Culture,,https://fr.wikipedia.org/wiki/Institut_de_France
Institut Montaigne,organization,Politique,,https://fr.wikipedia.org/wiki/Institut_Montaigne
Journalistes,organization,Médias,,https://fr.wikipedia.org/wiki/Journalistes
Juristes,organization,Politique,,https://fr.wikipedia.org/wiki/Juristes
Kraft Group,organization,Économie,,https://fr.wikipedia.org/wiki/Kraft_Group
L’Express,organization,Médias,,https://fr.wikipedia.org/wiki/L%27Express
L’Humanité,organization,Médias,,https://fr.wikipedia.org/wiki/L%27Humanit%C3%A9
L’Obs,organization,Médias,,https://fr.wikipedia.org/wiki/L%27Obs
La République en marche,organization,Politique,,https://fr.wikipedia.org/wiki/La_R%C3%A9publique_en_marche
Le Média,organization,Médias,,https://fr.wikipedia.org/wiki/Le_M%C3%A9dia
Le Monde,organization,Médias,,https://fr.wikipedia.org/wiki/Le_Monde
Le Monde diplomatique,organization,Médias,,https://fr.wikipedia.org/wiki/Le_Monde_diplomatique
Le Point,organization,Médias,,https://fr.wikipedia.org/wiki/Le_Point
Le Siècle,organization,Politique,,https://fr.wikipedia.org/wiki/Le_Siècle
Les Républicains,organization,Politique,,https://fr.wikipedia.org/wiki/Les_R%C3%A9publicains
Libération,organization,Médias,,https://fr.wikipedia.org/wiki/Lib%C3%A9ration_(journal)
LICRA,organization,Politique,,https://fr.wikipedia.org/wiki/Ligue_internationale_contre_le_racisme_et_l%27antis%C3%A9mitisme
Ligue de football professionnel,organization,Économie,,https://fr.wikipedia.org/wiki/Ligue_de_football_professionnel
Ligue des droits de l’homme,organization,Politique,,https://fr.wikipedia.org/wiki/Ligue_des_droits_de_l%27homme_(France)
LinkedIn,organization,Économie,,https://fr.wikipedia.org/wiki/LinkedIn
Mairie de Paris,organization,Politique,,https://fr.wikipedia.org/wiki/Mairie_de_Paris
Mauboussin,organization,Économie,,https://fr.wikipedia.org/wiki/Mauboussin
Météo-France,organization,Médias,,https://fr.wikipedia.org/wiki/M%C3%A9t%C3%A9o-France
MGA Entertainment,organization,Économie,,https://fr.wikipedia.org/wiki/MGA_Entertainment
MK2,organization,Économie,,https://fr.wikipedia.org/wiki/MK2
Mouvement démocrate,organization,Politique,,https://fr.wikipedia.org/wiki/Mouvement_d%C3%A9mocrate_(France)
Mouvement juif libéral de France,organization,Politique,,https://fr.wikipedia.org/wiki/Mouvement_juif_lib%C3%A9ral_de_France
Nouveau Parti anticapitaliste,organization,Politique,,https://fr.wikipedia.org/wiki/Nouveau_Parti_anticapitaliste
NRJ,organization,Médias,,https://fr.wikipedia.org/wiki/NRJ
Oracle,organization,Économie,,https://fr.wikipedia.org/wiki/Oracle
Organisation des Nations Unies,organization,Politique,,https://fr.wikipedia.org/wiki/Organisation_des_Nations_Unies
Parti socialiste,organization,Politique,,https://fr.wikipedia.org/wiki/Parti_socialiste
Pfizer,organization,Économie,,https://fr.wikipedia.org/wiki/Pfizer
Producteurs,organization,Culture,,
Public Sénat,organization,Médias,,https://fr.wikipedia.org/wiki/Public_S%C3%A9nat
Publicis,organization,Économie,,https://fr.wikipedia.org/wiki/Publicis
Radio France,organization,Médias,,https://fr.wikipedia.org/wiki/Radio_France
Radio Nova,organization,Médias,,https://fr.wikipedia.org/wiki/Radio_Nova
Rassemblement national,organization,Politique,,https://fr.wikipedia.org/wiki/Rassemblement_national
Réalisateurs,organization,Culture,,
Reporters sans frontières,organization,Politique,,https://fr.wikipedia.org/wiki/Reporters_sans_fronti%C3%A8res
RTL,organization,Médias,,https://fr.wikipedia.org/wiki/RTL
Salesforce,organization,Économie,,https://fr.wikipedia.org/wiki/Salesforce
Sénat,organization,Politique,,https://fr.wikipedia.org/wiki/S%C3%A9nat_(France)
Skyrock,organization,Médias,,https://fr.wikipedia.org/wiki/Skyrock
SOS Racisme,organization,Politique,,https://fr.wikipedia.org/wiki/SOS_Racisme
Starbucks,organization,Économie,,https://fr.wikipedia.org/wiki/Starbucks
Stop hate money,organization,Politique,,https://fr.wikipedia.org/wiki/Stop_hate_money
Sud Radio,organization,Médias,,https://fr.wikipedia.org/wiki/Sud_Radio
Terra Nova,organization,Politique,,https://fr.wikipedia.org/wiki/Terra_Nova
TheFamily,organization,Économie,,https://fr.wikipedia.org/wiki/TheFamily
Tripadvisor,organization,Économie,,https://fr.wikipedia.org/wiki/Tripadvisor
Tsédaka,organization,Politique,,https://fr.wikipedia.org/wiki/Tsedaka
Uber,organization,Économie,,https://fr.wikipedia.org/wiki/Uber
UEJF,organization,Politique,,https://fr.wikipedia.org/wiki/UEJF
Universal Music Group,organization,Économie,,https://fr.wikipedia.org/wiki/Universal_Music_Group
Warner Bros.,organization,Économie,,https://fr.wikipedia.org/wiki/Warner_Bros.